{"cameraMode":{"drawMode":0,"name":"Shaded","section":"Shading Mode"},"sceneLighting":false,"audioPlay":false,"sceneViewState":{"m_AlwaysRefresh":false,"showFog":true,"showSkybox":true,"showFlares":true,"showImageEffects":true,"showParticleSystems":true,"showVisualEffectGraphs":true,"m_FxEnabled":true},"in2DMode":false,"pivot":{"x":101.00944519042969,"y":5.4078145027160648,"z":1.1460703611373902},"rotation":{"x":-0.43834298849105837,"y":-0.13663139939308167,"z":0.06859369575977326,"w":-0.8859154582023621},"size":2.953014373779297,"orthographic":false}