{"cameraMode":{"drawMode":0,"name":"Shaded","section":"Shading Mode"},"sceneLighting":false,"audioPlay":false,"sceneViewState":{"m_AlwaysRefresh":false,"showFog":true,"showSkybox":true,"showFlares":true,"showImageEffects":true,"showParticleSystems":true,"showVisualEffectGraphs":true,"m_FxEnabled":false},"in2DMode":false,"pivot":{"x":337.431396484375,"y":283.65679931640627,"z":-369.8498229980469},"rotation":{"x":0.10183288902044296,"y":0.0068694050423800949,"z":-0.0007787436479702592,"w":0.9948059320449829},"size":0.9349702000617981,"orthographic":false}