{"cameraMode":{"drawMode":0,"name":"Shaded","section":"Shading Mode"},"sceneLighting":false,"audioPlay":false,"sceneViewState":{"m_AlwaysRefresh":false,"showFog":true,"showSkybox":true,"showFlares":true,"showImageEffects":true,"showParticleSystems":true,"showVisualEffectGraphs":true,"m_FxEnabled":true},"in2DMode":false,"pivot":{"x":116.05236053466797,"y":4.7294392585754398,"z":-7.194256782531738},"rotation":{"x":0.034679289907217029,"y":0.8929351568222046,"z":-0.06989273428916931,"w":0.4435640275478363},"size":3.5388739109039308,"orthographic":false}