{"cameraMode":{"drawMode":0,"name":"Shaded","section":"Shading Mode"},"sceneLighting":false,"audioPlay":false,"sceneViewState":{"showFog":true,"showMaterialUpdate":false,"showSkybox":true,"showFlares":true,"showImageEffects":true,"showParticleSystems":true},"in2DMode":false,"pivot":{"x":33.24861145019531,"y":-19.090877532958986,"z":-5.919996738433838},"rotation":{"x":-0.1852027028799057,"y":-0.6450856328010559,"z":0.1652143895626068,"w":-0.7227775454521179},"size":24.24871063232422,"orthographic":false}