{"cameraMode":{"drawMode":0,"name":"Shaded","section":"Shading Mode"},"sceneLighting":false,"audioPlay":false,"sceneViewState":{"showFog":true,"showMaterialUpdate":false,"showSkybox":false,"showFlares":true,"showImageEffects":true,"showParticleSystems":true},"in2DMode":false,"pivot":{"x":-3.830279588699341,"y":3.302070140838623,"z":-7.940146446228027},"rotation":{"x":-0.13703489303588868,"y":-0.713514506816864,"z":0.14561177790164948,"w":-0.6715095639228821},"size":1.3856958150863648,"orthographic":false}